,ID,E_Brent,lst_v,cod_list,reg,campo,VPN_Basica_porta,VPN_incremental_porta,VPN_Basica,VPN_incremental,VPN_Total,EFI_INCREMENTAL,capex,opex_basica,opex_incremental,volumen_B_LE,volumen_I_LE,volumen_T_LE,volumen_B_LE_p,volumen_I_LE_p,volumen_T_LE_p,LE_year_p,LE_year_b,lc_p,lc_b,dc_p,dc_b,opex_ing_p,capex_ing_p,impuesto_ing_p,ingreso_ing_p,abandono_ing_p,opex_ing_b,capex_ing_b,impuesto_ing_b,ingreso_ing_b,abandono_ing_b
0,0,25,1,39384-3-01-00 MORICHE EXPANSION ICV,0,MORICHE,0,-1815196.4166,0,-2179080.3062,-2179080.3062,0.0,4310596.3608,0,3191068.3959,0.0,22.979943605759892,22.979943605759892,0.0,102.69030309706335,102.69030309706335,2051.0,2031.0,25.0704,15.7516,33.6123,149.6141,609998.1005,2168895.5088,0,968207.3046,4510.1119,174284.0927,2168895.5088,0,194441.073,30341.7777
1,1,30,1,39384-3-01-00 MORICHE EXPANSION ICV,0,MORICHE,0,-1815196.4166,0,-2116861.8773,-2116861.8773,0.0,4310596.3608,0,3191068.3959,0.0,42.86308929859111,42.86308929859111,0.0,102.69030309706335,102.69030309706335,2051.0,2034.0,25.0704,17.9158,33.6123,80.5128,609998.1005,2168895.5088,0,968207.3046,4510.1119,310479.2676,2168895.5088,0,385309.1258,22796.2266
2,2,35,1,39384-3-01-00 MORICHE EXPANSION ICV,0,MORICHE,0,-1815196.4166,0,-2032588.3597,-2032588.3597,0.0,4310596.3608,0,3191068.3959,0.0,55.60003912274868,55.60003912274868,0.0,102.69030309706335,102.69030309706335,2051.0,2036.0,25.0704,19.2269,33.6123,62.1134,609998.1005,2168895.5088,0,968207.3046,4510.1119,390522.0251,2168895.5088,0,545669.031,18839.8567
3,3,40,1,39384-3-01-00 MORICHE EXPANSION ICV,0,MORICHE,0,-1815196.4166,0,-1939011.9343,-1939011.9343,0.0,4310596.3608,0,3191068.3959,0.0,65.6767644759384,65.6767644759384,0.0,102.69030309706335,102.69030309706335,2051.0,2038.0,25.0704,20.5984,33.6123,52.5494,609998.1005,2168895.5088,0,968207.3046,4510.1119,453207.1708,2168895.5088,0,698660.8748,15570.1295
4,4,45,1,39384-3-01-00 MORICHE EXPANSION ICV,0,MORICHE,0,-1815196.4166,0,-1828301.4087,-1828301.4087,0.0,4310596.3608,0,3191068.3959,0.0,89.08774467546021,89.08774467546021,0.0,102.69030309706335,102.69030309706335,2051.0,2044.0,25.0704,23.4883,33.6123,38.6462,609998.1005,2168895.5088,0,968207.3046,4510.1119,567865.245,2168895.5088,0,917248.2773,8788.9322
5,5,50,1,39384-3-01-00 MORICHE EXPANSION ICV,0,MORICHE,0,-1815196.4166,0,-1709868.4536,-1709868.4536,0.0,4310596.3608,0,3191068.3959,0.0,102.69030309706335,102.69030309706335,0.0,102.69030309706335,102.69030309706335,2051.0,2051.0,25.0704,25.0704,33.6123,33.6123,609998.1005,2168895.5088,0,968207.3046,4510.1119,609998.1005,2168895.5088,0,1073535.2677,4510.1119
6,6,55,1,39384-3-01-00 MORICHE EXPANSION ICV,0,MORICHE,0,-1815196.4166,0,-1596087.8262,-1596087.8262,0.0,4310596.3608,0,3191068.3959,0.0,103.50425178251008,103.50425178251008,0.0,102.69030309706335,102.69030309706335,2051.0,2053.0,25.0704,25.1941,33.6123,33.3558,609998.1005,2168895.5088,0,968207.3046,4510.1119,611739.9385,2168895.5088,2528.047,1190803.0333,3727.3652
7,7,60,1,39384-3-01-00 MORICHE EXPANSION ICV,0,MORICHE,0,-1815196.4166,0,-1485832.544,-1485832.544,0.0,4310596.3608,0,3191068.3959,0.0,103.57525710371905,103.57525710371905,0.0,102.69030309706335,102.69030309706335,2051.0,2054.0,25.0704,25.2066,33.6123,33.3327,609998.1005,2168895.5088,0,968207.3046,4510.1119,611881.5498,2168895.5088,8231.6739,1306564.7024,3388.5138
8,8,25,1,39384-3-01-00 MORICHE EXPANSION ICV,1,MORICHE,0,-1688022.6255,0,-2148407.2648,-2148407.2648,0.0,4310596.3608,0,3191068.3959,0.0,33.233606504170815,33.233606504170815,0.0,116.84744942486759,116.84744942486759,2053.0,2032.0,25.1941,16.4615,33.3558,117.2217,611739.9385,2168895.5088,64.2002,1096404.3872,3727.3652,219344.4859,2168895.5088,0,267416.1641,27583.4342
9,9,30,1,39384-3-01-00 MORICHE EXPANSION ICV,1,MORICHE,0,-1688022.6255,0,-2060974.6631,-2060974.6631,0.0,4310596.3608,0,3191068.3959,0.0,55.990010446186496,55.990010446186496,0.0,116.84744942486759,116.84744942486759,2053.0,2035.0,25.1941,18.5466,33.3558,69.6145,611739.9385,2168895.5088,64.2002,1096404.3872,3727.3652,352759.9302,2168895.5088,0,481404.6183,20723.8424
10,10,35,1,39384-3-01-00 MORICHE EXPANSION ICV,1,MORICHE,0,-1688022.6255,0,-1956362.5671,-1956362.5671,0.0,4310596.3608,0,3191068.3959,0.0,74.1645998327501,74.1645998327501,0.0,116.84744942486759,116.84744942486759,2053.0,2038.0,25.1941,20.5984,33.3558,52.5494,611739.9385,2168895.5088,64.2002,1096404.3872,3727.3652,453207.1708,2168895.5088,0,681310.2421,15570.1295
11,11,40,1,39384-3-01-00 MORICHE EXPANSION ICV,1,MORICHE,0,-1688022.6255,0,-1832318.7106,-1832318.7106,0.0,4310596.3608,0,3191068.3959,0.0,104.39145219822416,104.39145219822416,0.0,116.84744942486759,116.84744942486759,2053.0,2045.0,25.1941,23.834,33.3558,37.3151,611739.9385,2168895.5088,64.2002,1096404.3872,3727.3652,579356.1506,2168895.5088,0,923922.8872,7989.9384
12,12,45,1,39384-3-01-00 MORICHE EXPANSION ICV,1,MORICHE,0,-1688022.6255,0,-1700677.5834,-1700677.5834,0.0,4310596.3608,0,3191068.3959,0.0,115.06665825933293,115.06665825933293,0.0,116.84744942486759,116.84744942486759,2053.0,2050.0,25.1941,24.9597,33.3558,33.8673,611739.9385,2168895.5088,64.2002,1096404.3872,3727.3652,608135.8877,2168895.5088,0,1081314.9363,4961.1231
13,13,50,1,39384-3-01-00 MORICHE EXPANSION ICV,1,MORICHE,0,-1688022.6255,0,-1572758.3419,-1572758.3419,0.0,4310596.3608,0,3191068.3959,0.0,116.84744942486759,116.84744942486759,0.0,116.84744942486759,116.84744942486759,2053.0,2053.0,25.1941,25.1941,33.3558,33.3558,611739.9385,2168895.5088,64.2002,1096404.3872,3727.3652,611739.9385,2168895.5088,3854.823,1215459.2937,3727.3652
14,14,55,1,39384-3-01-00 MORICHE EXPANSION ICV,1,MORICHE,0,-1688022.6255,0,-1449143.8277,-1449143.8277,0.0,4310596.3608,0,3191068.3959,0.0,116.92850140161602,116.92850140161602,0.0,116.84744942486759,116.84744942486759,2053.0,2054.0,25.1941,25.2066,33.3558,33.3327,611739.9385,2168895.5088,64.2002,1096404.3872,3727.3652,611881.5498,2168895.5088,11287.8807,1346309.6255,3388.5138
15,15,60,1,39384-3-01-00 MORICHE EXPANSION ICV,1,MORICHE,0,-1688022.6255,0,-1329957.2534,-1329957.2534,0.0,4310596.3608,0,3191068.3959,0.0,116.92850140161602,116.92850140161602,0.0,116.84744942486759,116.84744942486759,2053.0,2054.0,25.1941,25.2066,33.3558,33.3327,611739.9385,2168895.5088,64.2002,1096404.3872,3727.3652,611881.5498,2168895.5088,22810.9788,1477019.2979,3388.5138
16,16,25,1,103591-3-01-00 ABARCO EXPANSION SF ICV,0,ABARCO,0,-157162.9816,0,-259747.8905,-259747.8905,0.0,517025.0891,0,413306.0238,0.0,29.14967784250004,29.14967784250004,0.0,29.14967784250004,29.14967784250004,2055.0,2055.0,13.2942,13.2942,15.8472,15.8472,82156.3287,307824.7689,21141.7934,254803.479,843.5695,82156.3287,307824.7689,0,131076.7767,843.5695
17,17,30,1,103591-3-01-00 ABARCO EXPANSION SF ICV,0,ABARCO,0,-157162.9816,0,-229264.9192,-229264.9192,0.0,517025.0891,0,413306.0238,0.0,29.14967784250004,29.14967784250004,0.0,29.14967784250004,29.14967784250004,2055.0,2055.0,13.2942,13.2942,15.8472,15.8472,82156.3287,307824.7689,21141.7934,254803.479,843.5695,82156.3287,307824.7689,0,161559.748,843.5695
18,18,35,1,103591-3-01-00 ABARCO EXPANSION SF ICV,0,ABARCO,0,-157162.9816,0,-202081.4735,-202081.4735,0.0,517025.0891,0,413306.0238,0.0,29.14967784250004,29.14967784250004,0.0,29.14967784250004,29.14967784250004,2055.0,2055.0,13.2942,13.2942,15.8472,15.8472,82156.3287,307824.7689,21141.7934,254803.479,843.5695,82156.3287,307824.7689,3299.5256,192042.7193,843.5695
19,19,40,1,103591-3-01-00 ABARCO EXPANSION SF ICV,0,ABARCO,0,-157162.9816,0,-179854.0579,-179854.0579,0.0,517025.0891,0,413306.0238,0.0,29.14967784250004,29.14967784250004,0.0,29.14967784250004,29.14967784250004,2055.0,2055.0,13.2942,13.2942,15.8472,15.8472,82156.3287,307824.7689,21141.7934,254803.479,843.5695,82156.3287,307824.7689,11555.0813,222525.6907,843.5695
20,20,45,1,103591-3-01-00 ABARCO EXPANSION SF ICV,0,ABARCO,0,-157162.9816,0,-158417.1863,-158417.1863,0.0,517025.0891,0,413306.0238,0.0,29.14967784250004,29.14967784250004,0.0,29.14967784250004,29.14967784250004,2055.0,2055.0,13.2942,13.2942,15.8472,15.8472,82156.3287,307824.7689,21141.7934,254803.479,843.5695,82156.3287,307824.7689,20601.1811,253008.662,843.5695
21,21,50,1,103591-3-01-00 ABARCO EXPANSION SF ICV,0,ABARCO,0,-157162.9816,0,-137022.4247,-137022.4247,0.0,517025.0891,0,413306.0238,0.0,29.14967784250004,29.14967784250004,0.0,29.14967784250004,29.14967784250004,2055.0,2055.0,13.2942,13.2942,15.8472,15.8472,82156.3287,307824.7689,21141.7934,254803.479,843.5695,82156.3287,307824.7689,29689.3908,283491.6333,843.5695
22,22,55,1,103591-3-01-00 ABARCO EXPANSION SF ICV,0,ABARCO,0,-157162.9816,0,-115651.0731,-115651.0731,0.0,517025.0891,0,413306.0238,0.0,29.14967784250004,29.14967784250004,0.0,29.14967784250004,29.14967784250004,2055.0,2055.0,13.2942,13.2942,15.8472,15.8472,82156.3287,307824.7689,21141.7934,254803.479,843.5695,82156.3287,307824.7689,38801.0106,313974.6046,843.5695
23,23,60,1,103591-3-01-00 ABARCO EXPANSION SF ICV,0,ABARCO,0,-157162.9816,0,-94303.7479,-94303.7479,0.0,517025.0891,0,413306.0238,0.0,29.14967784250004,29.14967784250004,0.0,29.14967784250004,29.14967784250004,2055.0,2055.0,13.2942,13.2942,15.8472,15.8472,82156.3287,307824.7689,21141.7934,254803.479,843.5695,82156.3287,307824.7689,47936.6566,344457.576,843.5695
24,24,25,1,103591-3-01-00 ABARCO EXPANSION SF ICV,1,ABARCO,0,-157162.9816,0,-259747.8905,-259747.8905,0.0,517025.0891,0,413306.0238,0.0,29.14967784250004,29.14967784250004,0.0,29.14967784250004,29.14967784250004,2055.0,2055.0,13.2942,13.2942,15.8472,15.8472,82156.3287,307824.7689,21141.7934,254803.479,843.5695,82156.3287,307824.7689,0,131076.7767,843.5695
25,25,30,1,103591-3-01-00 ABARCO EXPANSION SF ICV,1,ABARCO,0,-157162.9816,0,-229264.9192,-229264.9192,0.0,517025.0891,0,413306.0238,0.0,29.14967784250004,29.14967784250004,0.0,29.14967784250004,29.14967784250004,2055.0,2055.0,13.2942,13.2942,15.8472,15.8472,82156.3287,307824.7689,21141.7934,254803.479,843.5695,82156.3287,307824.7689,0,161559.748,843.5695
26,26,35,1,103591-3-01-00 ABARCO EXPANSION SF ICV,1,ABARCO,0,-157162.9816,0,-202081.4735,-202081.4735,0.0,517025.0891,0,413306.0238,0.0,29.14967784250004,29.14967784250004,0.0,29.14967784250004,29.14967784250004,2055.0,2055.0,13.2942,13.2942,15.8472,15.8472,82156.3287,307824.7689,21141.7934,254803.479,843.5695,82156.3287,307824.7689,3299.5256,192042.7193,843.5695
27,27,40,1,103591-3-01-00 ABARCO EXPANSION SF ICV,1,ABARCO,0,-157162.9816,0,-179854.0579,-179854.0579,0.0,517025.0891,0,413306.0238,0.0,29.14967784250004,29.14967784250004,0.0,29.14967784250004,29.14967784250004,2055.0,2055.0,13.2942,13.2942,15.8472,15.8472,82156.3287,307824.7689,21141.7934,254803.479,843.5695,82156.3287,307824.7689,11555.0813,222525.6907,843.5695
28,28,45,1,103591-3-01-00 ABARCO EXPANSION SF ICV,1,ABARCO,0,-157162.9816,0,-158417.1863,-158417.1863,0.0,517025.0891,0,413306.0238,0.0,29.14967784250004,29.14967784250004,0.0,29.14967784250004,29.14967784250004,2055.0,2055.0,13.2942,13.2942,15.8472,15.8472,82156.3287,307824.7689,21141.7934,254803.479,843.5695,82156.3287,307824.7689,20601.1811,253008.662,843.5695
29,29,50,1,103591-3-01-00 ABARCO EXPANSION SF ICV,1,ABARCO,0,-157162.9816,0,-137022.4247,-137022.4247,0.0,517025.0891,0,413306.0238,0.0,29.14967784250004,29.14967784250004,0.0,29.14967784250004,29.14967784250004,2055.0,2055.0,13.2942,13.2942,15.8472,15.8472,82156.3287,307824.7689,21141.7934,254803.479,843.5695,82156.3287,307824.7689,29689.3908,283491.6333,843.5695
30,30,55,1,103591-3-01-00 ABARCO EXPANSION SF ICV,1,ABARCO,0,-157162.9816,0,-115651.0731,-115651.0731,0.0,517025.0891,0,413306.0238,0.0,29.14967784250004,29.14967784250004,0.0,29.14967784250004,29.14967784250004,2055.0,2055.0,13.2942,13.2942,15.8472,15.8472,82156.3287,307824.7689,21141.7934,254803.479,843.5695,82156.3287,307824.7689,38801.0106,313974.6046,843.5695
31,31,60,1,103591-3-01-00 ABARCO EXPANSION SF ICV,1,ABARCO,0,-157162.9816,0,-94303.7479,-94303.7479,0.0,517025.0891,0,413306.0238,0.0,29.14967784250004,29.14967784250004,0.0,29.14967784250004,29.14967784250004,2055.0,2055.0,13.2942,13.2942,15.8472,15.8472,82156.3287,307824.7689,21141.7934,254803.479,843.5695,82156.3287,307824.7689,47936.6566,344457.576,843.5695
32,32,25,1,77246-3-01-00 EXPANSION GIRASOL SF ICV,0,GIRASOL,0,-207436.4298,0,-356549.7103,-356549.7103,0.0,681415.2904,0,660625.2163,0.0,52.068560986822604,52.068560986822604,0.0,52.068560986822604,52.068560986822604,2055.0,2055.0,10.5414,10.5414,10.6173,10.6173,129126.0006,450511.6674,47495.1008,420245.286,548.9471,129126.0006,450511.6674,0,223636.9047,548.9471
33,33,30,1,77246-3-01-00 EXPANSION GIRASOL SF ICV,0,GIRASOL,0,-207436.4298,0,-308788.1462,-308788.1462,0.0,681415.2904,0,660625.2163,0.0,52.068560986822604,52.068560986822604,0.0,52.068560986822604,52.068560986822604,2055.0,2055.0,10.5414,10.5414,10.6173,10.6173,129126.0006,450511.6674,47495.1008,420245.286,548.9471,129126.0006,450511.6674,4247.0184,275645.4872,548.9471
34,34,35,1,77246-3-01-00 EXPANSION GIRASOL SF ICV,0,GIRASOL,0,-207436.4298,0,-272290.2265,-272290.2265,0.0,681415.2904,0,660625.2163,0.0,52.068560986822604,52.068560986822604,0.0,52.068560986822604,52.068560986822604,2055.0,2055.0,10.5414,10.5414,10.6173,10.6173,129126.0006,450511.6674,47495.1008,420245.286,548.9471,129126.0006,450511.6674,19757.6811,327654.0697,548.9471
35,35,40,1,77246-3-01-00 EXPANSION GIRASOL SF ICV,0,GIRASOL,0,-207436.4298,0,-235863.8854,-235863.8854,0.0,681415.2904,0,660625.2163,0.0,52.068560986822604,52.068560986822604,0.0,52.068560986822604,52.068560986822604,2055.0,2055.0,10.5414,10.5414,10.6173,10.6173,129126.0006,450511.6674,47495.1008,420245.286,548.9471,129126.0006,450511.6674,35339.9226,379662.6522,548.9471
36,36,45,1,77246-3-01-00 EXPANSION GIRASOL SF ICV,0,GIRASOL,0,-207436.4298,0,-199437.5444,-199437.5444,0.0,681415.2904,0,660625.2163,0.0,52.068560986822604,52.068560986822604,0.0,52.068560986822604,52.068560986822604,2055.0,2055.0,10.5414,10.5414,10.6173,10.6173,129126.0006,450511.6674,47495.1008,420245.286,548.9471,129126.0006,450511.6674,50922.1641,431671.2347,548.9471
37,37,50,1,77246-3-01-00 EXPANSION GIRASOL SF ICV,0,GIRASOL,0,-207436.4298,0,-163011.2034,-163011.2034,0.0,681415.2904,0,660625.2163,0.0,52.068560986822604,52.068560986822604,0.0,52.068560986822604,52.068560986822604,2055.0,2055.0,10.5414,10.5414,10.6173,10.6173,129126.0006,450511.6674,47495.1008,420245.286,548.9471,129126.0006,450511.6674,66504.4055,483679.8172,548.9471
38,38,55,1,77246-3-01-00 EXPANSION GIRASOL SF ICV,0,GIRASOL,0,-207436.4298,0,-126584.8623,-126584.8623,0.0,681415.2904,0,660625.2163,0.0,52.068560986822604,52.068560986822604,0.0,52.068560986822604,52.068560986822604,2055.0,2055.0,10.5414,10.5414,10.6173,10.6173,129126.0006,450511.6674,47495.1008,420245.286,548.9471,129126.0006,450511.6674,82086.647,535688.3997,548.9471
39,39,60,1,77246-3-01-00 EXPANSION GIRASOL SF ICV,0,GIRASOL,0,-207436.4298,0,-90158.5213,-90158.5213,0.016670737196979216,681415.2904,0,660625.2163,0.0,52.068560986822604,52.068560986822604,0.0,52.068560986822604,52.068560986822604,2055.0,2055.0,10.5414,10.5414,10.6173,10.6173,129126.0006,450511.6674,47495.1008,420245.286,548.9471,129126.0006,450511.6674,97668.8884,587696.9822,548.9471
40,40,25,1,77246-3-01-00 EXPANSION GIRASOL SF ICV,1,GIRASOL,0,-174973.3051,0,-331900.7315,-331900.7315,0.0,681415.2904,0,660625.2163,0.0,57.802801643112886,57.802801643112886,0.0,57.802801643112886,57.802801643112886,2055.0,2055.0,10.5414,10.5414,10.6173,10.6173,129126.0006,450511.6674,61382.0531,466595.3631,548.9471,129126.0006,450511.6674,0,248285.8835,548.9471
41,41,30,1,77246-3-01-00 EXPANSION GIRASOL SF ICV,1,GIRASOL,0,-174973.3051,0,-287473.9804,-287473.9804,0.0,681415.2904,0,660625.2163,0.0,57.802801643112886,57.802801643112886,0.0,57.802801643112886,57.802801643112886,2055.0,2055.0,10.5414,10.5414,10.6173,10.6173,129126.0006,450511.6674,61382.0531,466595.3631,548.9471,129126.0006,450511.6674,13314.152,306026.7867,548.9471
42,42,35,1,77246-3-01-00 EXPANSION GIRASOL SF ICV,1,GIRASOL,0,-174973.3051,0,-246996.9426,-246996.9426,0.0,681415.2904,0,660625.2163,0.0,57.802801643112886,57.802801643112886,0.0,57.802801643112886,57.802801643112886,2055.0,2055.0,10.5414,10.5414,10.6173,10.6173,129126.0006,450511.6674,61382.0531,466595.3631,548.9471,129126.0006,450511.6674,30578.0173,363767.6898,548.9471
43,43,40,1,77246-3-01-00 EXPANSION GIRASOL SF ICV,1,GIRASOL,0,-174973.3051,0,-206555.7945,-206555.7945,0.0,681415.2904,0,660625.2163,0.0,57.802801643112886,57.802801643112886,0.0,57.802801643112886,57.802801643112886,2055.0,2055.0,10.5414,10.5414,10.6173,10.6173,129126.0006,450511.6674,61382.0531,466595.3631,548.9471,129126.0006,450511.6674,47877.7724,421508.5929,548.9471
44,44,45,1,77246-3-01-00 EXPANSION GIRASOL SF ICV,1,GIRASOL,0,-174973.3051,0,-166114.6465,-166114.6465,0.0,681415.2904,0,660625.2163,0.0,57.802801643112886,57.802801643112886,0.0,57.802801643112886,57.802801643112886,2055.0,2055.0,10.5414,10.5414,10.6173,10.6173,129126.0006,450511.6674,61382.0531,466595.3631,548.9471,129126.0006,450511.6674,65177.5276,479249.4961,548.9471
45,45,50,1,77246-3-01-00 EXPANSION GIRASOL SF ICV,1,GIRASOL,0,-174973.3051,0,-125673.4985,-125673.4985,0.0,681415.2904,0,660625.2163,0.0,57.802801643112886,57.802801643112886,0.0,57.802801643112886,57.802801643112886,2055.0,2055.0,10.5414,10.5414,10.6173,10.6173,129126.0006,450511.6674,61382.0531,466595.3631,548.9471,129126.0006,450511.6674,82477.2827,536990.3992,548.9471
46,46,55,1,77246-3-01-00 EXPANSION GIRASOL SF ICV,1,GIRASOL,0,-174973.3051,0,-85232.3505,-85232.3505,0.03228479444646395,681415.2904,0,660625.2163,0.0,57.802801643112886,57.802801643112886,0.0,57.802801643112886,57.802801643112886,2055.0,2055.0,10.5414,10.5414,10.6173,10.6173,129126.0006,450511.6674,61382.0531,466595.3631,548.9471,129126.0006,450511.6674,99777.0378,594731.3024,548.9471
47,47,60,1,77246-3-01-00 EXPANSION GIRASOL SF ICV,1,GIRASOL,0,-174973.3051,0,-44806.0045,-44806.0045,0.16045208664696897,681415.2904,0,660625.2163,0.0,57.802801643112886,57.802801643112886,0.0,57.802801643112886,57.802801643112886,2055.0,2055.0,10.5414,10.5414,10.6173,10.6173,129126.0006,450511.6674,61382.0531,466595.3631,548.9471,129126.0006,450511.6674,117091.5949,652472.2055,548.9471
48,48,25,1,44670-3-01-00 EXPANSION UNDERRIVER SF ICV,0,NARE UNDER RIVER,0,-298114.3531,0,0,0,0.0,541396.3584,0,509882.8303,0.0,0.0,0.0,0.0,15.158807727478653,15.158807727478653,2056.0,2020.0,29.041,0,29.8036,0,91954.7419,324176.7337,0,118576.1812,559.0588,0,0,0,0,0
49,49,30,1,44670-3-01-00 EXPANSION UNDERRIVER SF ICV,0,NARE UNDER RIVER,0,-298114.3531,0,0,0,0.0,541396.3584,0,509882.8303,0.0,0.0,0.0,0.0,15.158807727478653,15.158807727478653,2056.0,2020.0,29.041,0,29.8036,0,91954.7419,324176.7337,0,118576.1812,559.0588,0,0,0,0,0
50,50,35,1,44670-3-01-00 EXPANSION UNDERRIVER SF ICV,0,NARE UNDER RIVER,0,-298114.3531,0,-322662.6726,-322662.6726,0.0,541396.3584,0,509882.8303,0.0,6.368707976225739,6.368707976225739,0.0,15.158807727478653,15.158807727478653,2056.0,2036.0,29.041,25.0005,29.8036,71.538,91954.7419,324176.7337,0,118576.1812,559.0588,62126.7018,324176.7337,0,67401.8307,3761.0679
51,51,40,1,44670-3-01-00 EXPANSION UNDERRIVER SF ICV,0,NARE UNDER RIVER,0,-298114.3531,0,-310004.3566,-310004.3566,0.0,541396.3584,0,509882.8303,0.0,8.378466886556689,8.378466886556689,0.0,15.158807727478653,15.158807727478653,2056.0,2040.0,29.041,26.1043,29.8036,54.2403,91954.7419,324176.7337,0,118576.1812,559.0588,73469.8113,324176.7337,0,90211.0483,2568.86
52,52,45,1,44670-3-01-00 EXPANSION UNDERRIVER SF ICV,0,NARE UNDER RIVER,0,-298114.3531,0,-293985.4173,-293985.4173,0.0,541396.3584,0,509882.8303,0.0,15.124816924424161,15.124816924424161,0.0,15.158807727478653,15.158807727478653,2056.0,2055.0,29.041,29.027,29.8036,29.8738,91954.7419,324176.7337,0,118576.1812,559.0588,91910.1674,324176.7337,0,122716.4484,614.9646
53,53,50,1,44670-3-01-00 EXPANSION UNDERRIVER SF ICV,0,NARE UNDER RIVER,0,-298114.3531,0,-279140.2209,-279140.2209,0.0,541396.3584,0,509882.8303,0.0,15.158807727478653,15.158807727478653,0.0,15.158807727478653,15.158807727478653,2056.0,2056.0,29.041,29.041,29.8036,29.8036,91954.7419,324176.7337,0,118576.1812,559.0588,91954.7419,324176.7337,0,137550.3134,559.0588
54,54,55,1,44670-3-01-00 EXPANSION UNDERRIVER SF ICV,0,NARE UNDER RIVER,0,-298114.3531,0,-264349.8646,-264349.8646,0.0,541396.3584,0,509882.8303,0.0,15.158807727478653,15.158807727478653,0.0,15.158807727478653,15.158807727478653,2056.0,2056.0,29.041,29.041,29.8036,29.8036,91954.7419,324176.7337,0,118576.1812,559.0588,91954.7419,324176.7337,0,152340.6697,559.0588
55,55,60,1,44670-3-01-00 EXPANSION UNDERRIVER SF ICV,0,NARE UNDER RIVER,0,-298114.3531,0,-249559.5083,-249559.5083,0.0,541396.3584,0,509882.8303,0.0,15.158807727478653,15.158807727478653,0.0,15.158807727478653,15.158807727478653,2056.0,2056.0,29.041,29.041,29.8036,29.8036,91954.7419,324176.7337,0,118576.1812,559.0588,91954.7419,324176.7337,0,167131.026,559.0588
56,56,25,1,44670-3-01-00 EXPANSION UNDERRIVER SF ICV,1,NARE UNDER RIVER,0,-289381.1392,0,0,0,0.0,541396.3584,0,509882.8303,0.0,0.0,0.0,0.0,16.328541694802766,16.328541694802766,2056.0,2020.0,29.041,0,29.8036,0,91954.7419,324176.7337,0,127309.3951,559.0588,0,0,0,0,0
57,57,30,1,44670-3-01-00 EXPANSION UNDERRIVER SF ICV,1,NARE UNDER RIVER,0,-289381.1392,0,-329940.8476,-329940.8476,0.0,541396.3584,0,509882.8303,0.0,4.958077377975764,4.958077377975764,0.0,16.328541694802766,16.328541694802766,2056.0,2033.0,29.041,24.5434,29.8036,98.3607,91954.7419,324176.7337,0,127309.3951,559.0588,50151.4107,324176.7337,0,49393.278,5005.9813
58,58,35,1,44670-3-01-00 EXPANSION UNDERRIVER SF ICV,1,NARE UNDER RIVER,0,-289381.1392,0,-317141.7601,-317141.7601,0.0,541396.3584,0,509882.8303,0.0,7.934148243762691,7.934148243762691,0.0,16.328541694802766,16.328541694802766,2056.0,2038.0,29.041,25.5242,29.8036,61.4302,91954.7419,324176.7337,0,127309.3951,559.0588,68348.3262,324176.7337,0,78491.6203,3108.3205
59,59,40,1,44670-3-01-00 EXPANSION UNDERRIVER SF ICV,1,NARE UNDER RIVER,0,-289381.1392,0,-300856.3868,-300856.3868,0.0,541396.3584,0,509882.8303,0.0,16.290513678713268,16.290513678713268,0.0,16.328541694802766,16.328541694802766,2056.0,2055.0,29.041,29.027,29.8036,29.8738,91954.7419,324176.7337,0,127309.3951,559.0588,91910.1674,324176.7337,0,115845.4788,614.9646
60,60,45,1,44670-3-01-00 EXPANSION UNDERRIVER SF ICV,1,NARE UNDER RIVER,0,-289381.1392,0,-284927.1354,-284927.1354,0.0,541396.3584,0,509882.8303,0.0,16.328541694802766,16.328541694802766,0.0,16.328541694802766,16.328541694802766,2056.0,2056.0,29.041,29.041,29.8036,29.8036,91954.7419,324176.7337,0,127309.3951,559.0588,91954.7419,324176.7337,0,131763.3989,559.0588
61,61,50,1,44670-3-01-00 EXPANSION UNDERRIVER SF ICV,1,NARE UNDER RIVER,0,-289381.1392,0,-269052.0271,-269052.0271,0.0,541396.3584,0,509882.8303,0.0,16.328541694802766,16.328541694802766,0.0,16.328541694802766,16.328541694802766,2056.0,2056.0,29.041,29.041,29.8036,29.8036,91954.7419,324176.7337,0,127309.3951,559.0588,91954.7419,324176.7337,0,147638.5072,559.0588
62,62,55,1,44670-3-01-00 EXPANSION UNDERRIVER SF ICV,1,NARE UNDER RIVER,0,-289381.1392,0,-253176.9188,-253176.9188,0.0,541396.3584,0,509882.8303,0.0,16.328541694802766,16.328541694802766,0.0,16.328541694802766,16.328541694802766,2056.0,2056.0,29.041,29.041,29.8036,29.8036,91954.7419,324176.7337,0,127309.3951,559.0588,91954.7419,324176.7337,0,163513.6155,559.0588
63,63,60,1,44670-3-01-00 EXPANSION UNDERRIVER SF ICV,1,NARE UNDER RIVER,0,-289381.1392,0,-237301.8105,-237301.8105,0.0,541396.3584,0,509882.8303,0.0,16.328541694802766,16.328541694802766,0.0,16.328541694802766,16.328541694802766,2056.0,2056.0,29.041,29.041,29.8036,29.8036,91954.7419,324176.7337,0,127309.3951,559.0588,91954.7419,324176.7337,0,179388.7238,559.0588
64,64,25,1,38679-3-01-00 NARE SUR ICV EXPANSION SF C1C2C3,0,NARE SUR,0,-398847.8371,0,-471710.268,-471710.268,0.0,716858.5585,0,242277.5181,0.0,10.483032055436025,10.483032055436025,0.0,11.827977593117026,11.827977593117026,2053.0,2046.0,15.7378,15.7391,45.4305,51.6587,72340.6813,475405.4071,0,149615.5633,717.3121,70625.1797,475405.4071,0,75718.1571,1397.8383
65,65,30,1,38679-3-01-00 NARE SUR ICV EXPANSION SF C1C2C3,0,NARE SUR,0,-398847.8371,0,-453039.0065,-453039.0065,0.0,716858.5585,0,242277.5181,0.0,11.827977593117026,11.827977593117026,0.0,11.827977593117026,11.827977593117026,2053.0,2053.0,15.7378,15.7378,45.4305,45.4305,72340.6813,475405.4071,0,149615.5633,717.3121,72340.6813,475405.4071,0,95424.394,717.3121
66,66,35,1,38679-3-01-00 NARE SUR ICV EXPANSION SF C1C2C3,0,NARE SUR,0,-398847.8371,0,-435034.4039,-435034.4039,0.0,716858.5585,0,242277.5181,0.0,11.827977593117026,11.827977593117026,0.0,11.827977593117026,11.827977593117026,2053.0,2053.0,15.7378,15.7378,45.4305,45.4305,72340.6813,475405.4071,0,149615.5633,717.3121,72340.6813,475405.4071,0,113428.9966,717.3121
67,67,40,1,38679-3-01-00 NARE SUR ICV EXPANSION SF C1C2C3,0,NARE SUR,0,-398847.8371,0,-417029.8013,-417029.8013,0.0,716858.5585,0,242277.5181,0.0,11.827977593117026,11.827977593117026,0.0,11.827977593117026,11.827977593117026,2053.0,2053.0,15.7378,15.7378,45.4305,45.4305,72340.6813,475405.4071,0,149615.5633,717.3121,72340.6813,475405.4071,0,131433.5992,717.3121
68,68,45,1,38679-3-01-00 NARE SUR ICV EXPANSION SF C1C2C3,0,NARE SUR,0,-398847.8371,0,-399025.1986,-399025.1986,0.0,716858.5585,0,242277.5181,0.0,11.827977593117026,11.827977593117026,0.0,11.827977593117026,11.827977593117026,2053.0,2053.0,15.7378,15.7378,45.4305,45.4305,72340.6813,475405.4071,0,149615.5633,717.3121,72340.6813,475405.4071,0,149438.2018,717.3121
69,69,50,1,38679-3-01-00 NARE SUR ICV EXPANSION SF C1C2C3,0,NARE SUR,0,-398847.8371,0,-381020.596,-381020.596,0.0,716858.5585,0,242277.5181,0.0,11.827977593117026,11.827977593117026,0.0,11.827977593117026,11.827977593117026,2053.0,2053.0,15.7378,15.7378,45.4305,45.4305,72340.6813,475405.4071,0,149615.5633,717.3121,72340.6813,475405.4071,0,167442.8045,717.3121
70,70,55,1,38679-3-01-00 NARE SUR ICV EXPANSION SF C1C2C3,0,NARE SUR,0,-398847.8371,0,-363015.9934,-363015.9934,0.0,716858.5585,0,242277.5181,0.0,11.827977593117026,11.827977593117026,0.0,11.827977593117026,11.827977593117026,2053.0,2053.0,15.7378,15.7378,45.4305,45.4305,72340.6813,475405.4071,0,149615.5633,717.3121,72340.6813,475405.4071,0,185447.4071,717.3121
71,71,60,1,38679-3-01-00 NARE SUR ICV EXPANSION SF C1C2C3,0,NARE SUR,0,-398847.8371,0,-345011.3907,-345011.3907,0.0,716858.5585,0,242277.5181,0.0,11.827977593117026,11.827977593117026,0.0,11.827977593117026,11.827977593117026,2053.0,2053.0,15.7378,15.7378,45.4305,45.4305,72340.6813,475405.4071,0,149615.5633,717.3121,72340.6813,475405.4071,0,203452.0097,717.3121
72,72,25,1,38679-3-01-00 NARE SUR ICV EXPANSION SF C1C2C3,1,NARE SUR,0,-370952.9406,0,-456662.8571,-456662.8571,0.0,716858.5585,0,242277.5181,0.0,14.314141173240861,14.314141173240861,0.0,14.314141173240861,14.314141173240861,2053.0,2053.0,15.7378,15.7378,45.4305,45.4305,72340.6813,475405.4071,0,177510.4598,717.3121,72340.6813,475405.4071,0,91800.5434,717.3121
73,73,30,1,38679-3-01-00 NARE SUR ICV EXPANSION SF C1C2C3,1,NARE SUR,0,-370952.9406,0,-435313.8935,-435313.8935,0.0,716858.5585,0,242277.5181,0.0,14.314141173240861,14.314141173240861,0.0,14.314141173240861,14.314141173240861,2053.0,2053.0,15.7378,15.7378,45.4305,45.4305,72340.6813,475405.4071,0,177510.4598,717.3121,72340.6813,475405.4071,0,113149.5069,717.3121
74,74,35,1,38679-3-01-00 NARE SUR ICV EXPANSION SF C1C2C3,1,NARE SUR,0,-370952.9406,0,-413964.93,-413964.93,0.0,716858.5585,0,242277.5181,0.0,14.314141173240861,14.314141173240861,0.0,14.314141173240861,14.314141173240861,2053.0,2053.0,15.7378,15.7378,45.4305,45.4305,72340.6813,475405.4071,0,177510.4598,717.3121,72340.6813,475405.4071,0,134498.4705,717.3121
75,75,40,1,38679-3-01-00 NARE SUR ICV EXPANSION SF C1C2C3,1,NARE SUR,0,-370952.9406,0,-392615.9664,-392615.9664,0.0,716858.5585,0,242277.5181,0.0,14.314141173240861,14.314141173240861,0.0,14.314141173240861,14.314141173240861,2053.0,2053.0,15.7378,15.7378,45.4305,45.4305,72340.6813,475405.4071,0,177510.4598,717.3121,72340.6813,475405.4071,0,155847.4341,717.3121
76,76,45,1,38679-3-01-00 NARE SUR ICV EXPANSION SF C1C2C3,1,NARE SUR,0,-370952.9406,0,-371267.0028,-371267.0028,0.0,716858.5585,0,242277.5181,0.0,14.314141173240861,14.314141173240861,0.0,14.314141173240861,14.314141173240861,2053.0,2053.0,15.7378,15.7378,45.4305,45.4305,72340.6813,475405.4071,0,177510.4598,717.3121,72340.6813,475405.4071,0,177196.3977,717.3121
77,77,50,1,38679-3-01-00 NARE SUR ICV EXPANSION SF C1C2C3,1,NARE SUR,0,-370952.9406,0,-349918.0392,-349918.0392,0.0,716858.5585,0,242277.5181,0.0,14.314141173240861,14.314141173240861,0.0,14.314141173240861,14.314141173240861,2053.0,2053.0,15.7378,15.7378,45.4305,45.4305,72340.6813,475405.4071,0,177510.4598,717.3121,72340.6813,475405.4071,0,198545.3612,717.3121
78,78,55,1,38679-3-01-00 NARE SUR ICV EXPANSION SF C1C2C3,1,NARE SUR,0,-370952.9406,0,-328697.2163,-328697.2163,0.0,716858.5585,0,242277.5181,0.0,14.314141173240861,14.314141173240861,0.0,14.314141173240861,14.314141173240861,2053.0,2053.0,15.7378,15.7378,45.4305,45.4305,72340.6813,475405.4071,0,177510.4598,717.3121,72340.6813,475405.4071,128.1406,219894.3248,717.3121
79,79,60,1,38679-3-01-00 NARE SUR ICV EXPANSION SF C1C2C3,1,NARE SUR,0,-370952.9406,0,-307489.7236,-307489.7236,0.0,716858.5585,0,242277.5181,0.0,14.314141173240861,14.314141173240861,0.0,14.314141173240861,14.314141173240861,2053.0,2053.0,15.7378,15.7378,45.4305,45.4305,72340.6813,475405.4071,0,177510.4598,717.3121,72340.6813,475405.4071,269.6115,241243.2884,717.3121
